<?xml version="1.0" encoding="UTF-8"?>
<!DOCTYPE fontscolors PUBLIC "-//NetBeans//DTD Editor Fonts and Colors settings 1.1//EN" "http://www.netbeans.org/dtds/EditorFontsColors-1_1.dtd">

<fontscolors>
    <!-- See http://ui.netbeans.org/docs/ui/editor_fonts_colors/Editor_fonts_and_colors.htm -->
    <!-- A couple of things are not accurate yet; globals are not bold, and method calls are
         black and bold instead of green (which would be identical to fields) -->
    
    <!--fontcolor name="GSF_CLASS" foreColor="ff098618">
        <font style="bold+italic"/>
    </fontcolor>

    <fontcolor name="GSF_INT_LITERAL" default="number"/>
    <fontcolor name="GSF_FLOAT_LITERAL" default="number"/>
    <fontcolor name="GSF_ANY_OPERATOR" default="operator"/>
    <fontcolor name="GSF_INSTANCE" default="field"/>
    <fontcolor name="GSF_GLOBAL" foreColor="black">
        <font style="italic"/>
    </fontcolor>
    <fontcolor name="GSF_STRING_LITERAL" default="string"/>
    <fontcolor name="GSF_DOUBLE_LITERAL" default="number"/>
    <fontcolor name="GSF_BLOCK_COMMENT" default="comment"/>
    <fontcolor name="GSF_DOCUMENTATION" default="comment"/>
    <fontcolor name="GSF_LONG_LITERAL" default="number"/>
    <fontcolor name="GSF_REGEXP_LITERAL" foreColor="9933CC"/>
    <fontcolor name="GSF_ERROR" default="error"/>
    <fontcolor name="GSF_LINE_COMMENT" default="comment"/>
    <fontcolor name="GSF_CONSTANT" foreColor="black">
        <font style="italic"/>
    </fontcolor>
    <fontcolor name="GSF_TYPESYMBOL" foreColor="2E92C7"/>
    <fontcolor name="GSF_IDENTIFIER" default="identifier"/>
    <fontcolor name="GSF_WHITESPACE" default="whitespace"/>
    <fontcolor name="GSF_ANY_KEYWORD" default="keyword"/>
    <fontcolor name="GSF_TODO" foreColor="ff99006b">
        <font style="bold"/>
    </fontcolor>
    <fontcolor name="QUOTED_STRING_LITERAL" default="string"/>
    <fontcolor name="GSF_CHAR_LITERAL" default="char"/-->

    <!-- This is intended for an embedded regular expression language -->
    <!--
    <fontcolor name="REGEXP_TEXT" foreColor="ff006f00"/>
    <fontcolor name="REGEXP_META" foreColor="ff006f00">
        <font style="bold"/>
    </fontcolor>
    <fontcolor name="REGEXP_INVALID" foreColor="ffff006b" strikeThrough="ffff006b" >
        <font style="bold"/>
    </fontcolor>
    -->

    <!--"semantic" highlighting:-->
    <!--fontcolor name="mod-unused" waveUnderlined="999999"/>
    
    <fontcolor name="mod-abstract" />
    <fontcolor name="mod-field" default="field"/>
    <fontcolor name="mod-local-variable">
        <font style="bold" />
    </fontcolor>
    <fontcolor name="mod-parameter" foreColor="A06001"/> 

    <fontcolor name="mod-method">
        <font style="bold" />
    </fontcolor>
    <fontcolor name="mod-constructor" >
        <font style="bold" />
    </fontcolor>
    <fontcolor name="mod-class" >
            <font style="bold" />
    </fontcolor>   
    <fontcolor name="mod-interface" />
    <fontcolor name="mod-annotation-type" />
    <fontcolor name="mod-enum" />
    <fontcolor name="mod-deprecated" strikeThrough="404040" />
    <fontcolor name="mod-static" >
        <font style="italic" />
    </fontcolor>
    <fontcolor name="mod-private" />
    <fontcolor name="mod-package-private" />
    <fontcolor name="mod-protected" />
    <fontcolor name="mod-public" /-->


    <!--currently not used:-->
<!--    <fontcolor name="mod-type-parameter-declaration" bgColor="lightGray"/>
    <fontcolor name="mod-type-parameter-use" bgColor="green"/>
    <fontcolor name="mod-undefined" foreColor="red"/>-->

    <!--mark occurrences:-->
    <fontcolor name="mark-occurrences" bgColor="ECEBA3"/>
    
    <!--"semantic" highlighting:-->
    <fontcolor name="mod-declaration">
        <font style="bold"/>
    </fontcolor>
    <fontcolor name="mod-static">
        <font style="italic"/>
    </fontcolor>
    <fontcolor name="mod-global">
        <font style="italic"/>
    </fontcolor>
    <fontcolor name="mod-abstract">
      <font style="italic"/>
    </fontcolor>
    <fontcolor name="mod-deprecated" strikeThrough="404040"/>

    <!--fontcolor name="mod-class" foreColor="7E0021"/-->
    <fontcolor name="mod-class" >
            <font style="bold" />
    </fontcolor>   

    <fontcolor name="mod-constructor">
        <font style="bold"/>
    </fontcolor>
    <fontcolor name="mod-method">
        <font style="bold" />
    </fontcolor>

    <fontcolor name="mod-interface" underline="000000"/> <!-- implicit method Ref -->

    <fontcolor name="mod-field" foreColor="009B00"/> <!-- val -->
    <fontcolor name="mod-local-variable" foreColor="009999"/> <!-- var -->
    <fontcolor name="mod-parameter" foreColor="808000"/>

    <fontcolor name="mod-unused" waveUnderlined="999999"/>

    <!--fontcolor name="mod-annotation-type" foreColor="990099">
        <font style="bold" />
    </fontcolor-->

    <fontcolor name="mod-annotation-type" foreColor="7E0021">
        <font style="bold" />
    </fontcolor>

    <!--fontcolor name="mod-custom2" foreColor="009B00">
        <font style="bold" />
    </fontcolor-->

    <fontcolor name="mod-private"/>
    <fontcolor name="mod-package-private"/>
    <fontcolor name="mod-protected"/>
    <fontcolor name="mod-public" underline="000000"/>
    
</fontscolors>
