<?xml version="1.0" encoding="UTF-8"?>
<!DOCTYPE filesystem PUBLIC "-//NetBeans//DTD Filesystem 1.2//EN" "http://www.netbeans.org/dtds/filesystem-1_2.dtd">
<filesystem>
    
    <folder name="Actions">
        <folder name="Groovy">
            <file name="org-netbeans-modules-groovy-editor-actions-FixImportsAction.instance">
                <attr name="instanceClass" stringvalue="org.netbeans.modules.groovy.editor.actions.FixImportsAction"/>
            </file>
        </folder>
    </folder>
    <folder name="csl-hints">
        <folder name="text">
            <folder name="x-groovy">
                <folder name="selection">
                    <file name="org-netbeans-modules-groovy-editor-hints-CommentOutRule.instance"/>
                </folder>    
                <folder name="errors">
                    <file name="org-netbeans-modules-groovy-editor-hints-ClassNotFoundRule.instance"/>
                </folder>    
                <!-- folder name="hints">
                    <folder name="general">
                       <attr name="position" intvalue="100"/>
                        <attr name="SystemFileSystem.localizingBundle" stringvalue="org.netbeans.modules.ruby.hints.Bundle"/>
                        <file name="org-netbeans-modules-ruby-hints-BlockVarReuse.instance"/>
                        <file name="org-netbeans-modules-ruby-hints-Deprecations.instance"/>
                    </folder>    
                </folder -->    
            </folder>
        </folder>
    </folder>


    
    <folder name="Services">
        <folder name="MIMEResolver">
            <file name="GroovyMimeResolver.xml" url="GroovyMimeResolver.xml">
                <attr name="SystemFileSystem.localizingBundle" stringvalue="org.netbeans.modules.groovy.editor.Bundle"/>
                <attr name="position" intvalue="281"/>
            </file>
        </folder>
    </folder>
    <folder name="Editors">
        <folder name="text">
            <folder name="x-groovy">
                <folder name="Popup">
                    <file name="org-netbeans-modules-groovy-editor-actions-FixImportsAction.shadow">
                        <attr name="originalFile" stringvalue="Actions/Groovy/org-netbeans-modules-groovy-editor-actions-FixImportsAction.instance"/>
                        <attr name="position" intvalue="0"/>
                    </file>
                </folder>
                
                <!--folder name="Actions">
                    <file name="org-netbeans-modules-groovy-editor-actions-FixImportsAction.shadow">
                        <attr name="originalFile" stringvalue="Actions/Groovy/org-netbeans-modules-groovy-editor-actions-FixImportsAction.instance"/>
                    </file>
                </folder>
                <folder name="Popup">
                    <file name="fix-groovy-imports">
                        <attr name="position" intvalue="801"/>
                    </file>
                </folder-->

                <file name="language.instance">
                    <attr name="instanceCreate" methodvalue="org.netbeans.modules.groovy.editor.api.lexer.GroovyTokenId.language"/>
                    <attr name="instanceOf" stringvalue="org.netbeans.api.lexer.Language"/>
                </file>

                <folder name="BracesMatchers">
                    <file name="org-netbeans-modules-groovy-editor-api-GroovyBracesMatcherFactory.instance">
                        <attr name="position" intvalue="0"/>
                    </file>
                </folder>
                
                <folder name="CodeTemplates">
                    <folder name="Defaults">
                        <file name="org-netbeans-modules-editor-java-codetemplates.xml" url="DefaultAbbrevs.xml">
                            <attr name="SystemFileSystem.localizingBundle" stringvalue="org.netbeans.modules.java.editor.resources.Bundle"/>
                        </file>
                    </folder>
                </folder>

                <folder name="FontsColors">
                    <folder name="NetBeans">
                        <folder name="Defaults">
                            <file name="coloring.xml" url="fontsColors.xml">
                                <attr name="SystemFileSystem.localizingBundle" stringvalue="org.netbeans.modules.groovy.editor.resources.Bundle"/>
                            </file>
                        </folder>
                    </folder>
                </folder>

                <folder name="Keybindings">
                    <folder name="NetBeans">
                        <folder name="Defaults">
                            <file name="org-netbeans-modules-groovy-keybindings.xml" url="DefaultKeyBindings.xml"/>
                            <file name="org-netbeans-modules-groovy-keybindings-mac.xml" url="DefaultKeyBindings-Mac.xml">
                                <attr name="nbeditor-settings-targetOS" stringvalue="OS_MAC"/>
                            </file>
                        </folder>
                    </folder>
                </folder>

                <file name="JavaIndexer.shadow">
                    <attr name="originalFile" stringvalue="Editors/text/x-java/JavaIndexer.instance"/>
                </file>
                <!--file name="JavaIndexer.instance">
                    <attr name="instanceClass" stringvalue="org.netbeans.modules.java.source.indexing.JavaCustomIndexer$Factory"/>
                </file-->

            </folder>
        </folder>
    </folder>
    
    <folder name="OptionsDialog">
        <folder name="PreviewExamples">
            <folder name="text">
                <file name="x-groovy" url="GroovyPreviewExample"/>
            </folder>
        </folder>
    </folder>

    <folder name="Loaders">
        <folder name="text">
            <folder name="x-groovy">
                <attr name="SystemFileSystem.icon" urlvalue="nbresloc:/org/netbeans/modules/groovy/support/resources/GroovyFile16x16.png"/>
                <attr name="iconBase" stringvalue="org/netbeans/modules/groovy/support/resources/GroovyFile16x16.png"/>
                <folder name="Actions">
                    <file name="CopyAction.shadow">
                        <attr name="originalFile" stringvalue="Actions/Edit/org-openide-actions-CopyAction.instance"/>
                        <attr name="position" intvalue="400"/>
                    </file>
                    <file name="CutAction.shadow">
                        <attr name="originalFile" stringvalue="Actions/Edit/org-openide-actions-CutAction.instance"/>
                        <attr name="position" intvalue="300"/>
                    </file>
                    <file name="DeleteAction.shadow">
                        <attr name="originalFile" stringvalue="Actions/Edit/org-openide-actions-DeleteAction.instance"/>
                        <attr name="position" intvalue="800"/>
                    </file>
                    <file name="FileSystemAction.shadow">
                        <attr name="originalFile" stringvalue="Actions/System/org-openide-actions-FileSystemAction.instance"/>
                        <attr name="position" intvalue="1300"/>
                    </file>
                    <file name="NewAction.shadow">
                        <attr name="originalFile" stringvalue="Actions/System/org-openide-actions-NewAction.instance"/>
                        <attr name="position" intvalue="700"/>
                    </file>
                    <file name="OpenAction.shadow">
                        <attr name="originalFile" stringvalue="Actions/System/org-openide-actions-OpenAction.instance"/>
                        <attr name="position" intvalue="100"/>
                    </file>
                    <file name="PasteAction.shadow">
                        <attr name="originalFile" stringvalue="Actions/Edit/org-openide-actions-PasteAction.instance"/>
                        <attr name="position" intvalue="500"/>
                    </file>
                    <file name="PropertiesAction.shadow">
                        <attr name="originalFile" stringvalue="Actions/System/org-openide-actions-PropertiesAction.instance"/>
                        <attr name="position" intvalue="1600"/>
                    </file>
                    <file name="RenameAction.shadow">
                        <attr name="originalFile" stringvalue="Actions/System/org-openide-actions-RenameAction.instance"/>
                        <attr name="position" intvalue="900"/>
                    </file>
                    <file name="SaveAsTemplateAction.shadow">
                        <attr name="originalFile" stringvalue="Actions/System/org-openide-actions-SaveAsTemplateAction.instance"/>
                        <attr name="position" intvalue="1100"/>
                    </file>
                    <file name="Separator1.instance">
                        <attr name="instanceClass" stringvalue="javax.swing.JSeparator"/>
                        <attr name="position" intvalue="200"/>
                    </file>     
                    <file name="Separator2.instance">
                        <attr name="instanceClass" stringvalue="javax.swing.JSeparator"/>
                        <attr name="position" intvalue="600"/>
                    </file>
                    <file name="Separator3.instance">
                        <attr name="instanceClass" stringvalue="javax.swing.JSeparator"/>
                        <attr name="position" intvalue="1000"/>
                    </file>
                    <file name="Separator4.instance">
                        <attr name="instanceClass" stringvalue="javax.swing.JSeparator"/>
                        <attr name="position" intvalue="1200"/>
                    </file>
                    <file name="Separator5.instance">
                        <attr name="instanceClass" stringvalue="javax.swing.JSeparator"/>
                        <attr name="position" intvalue="1400"/>
                    </file> 
                     
                     
                    <file name="ToolsAction.shadow">
                        <attr name="originalFile" stringvalue="Actions/System/org-openide-actions-ToolsAction.instance"/>
                        <attr name="position" intvalue="1500"/>
                    </file>
                </folder>            
            </folder>
        </folder>
    </folder>

    <folder name="org-netbeans-api-project-libraries">
        <folder name="Libraries">
            <file name="groovy-all.xml" url="groovy-all.xml">
                <attr name="displayName" bundlevalue="org/netbeans/modules/groovy/editor/resources/Bundle#groovy-all"/>
            </file>
        </folder>
    </folder>

</filesystem>
